{"client_meta":{"background_color":{"r":0.15416660904884338,"g":0.15416660904884338,"b":0.15416660904884338,"a":1},"thumbnail_size":{"width":400,"height":324},"render_coordinates":{"x":8087.783203125,"y":16048.091796875,"width":6953.216796875,"height":5636.908203125}},"file_name":"获客宝","developer_related_links":[],"exported_at":"2026-05-02T07:21:04.930Z"}